method,avg_rmse,rank
ols,0.1913339247529709,1
siegel,0.1977905273845206,2
ensemble,0.19961637792365045,3
theilsen,0.2027871948377282,4
lmer_slopes,0.21705152597884667,5
lmer,0.2246422736595743,6
xgboost,0.26666666666666666,7
keras_denoised,0.2765650405233827,8
deming_std,0.2963995350646987,9
deming_wtd,0.2963995350646987,10
nlme,0.40478081229908064,11
glmnet,0.41593527130118246,12
rma,0.45630595385579575,13
keras,0.7056318240177164,14
majoraxis,0.7254622561756643,15
rf,0.8082326082311568,16
deming_mcr,1.1730973778786422,17
